lmx0,lmx1,lmx2,lmx3,lmx4,lmx5,lmx6,lmx7,lmx8,lmx9,lmx10,lmx11,lmx12,lmx13,lmx14,lmx15,lmx16,lmx17,lmx18,lmx19,lmx20,lmy0,lmy1,lmy2,lmy3,lmy4,lmy5,lmy6,lmy7,lmy8,lmy9,lmy10,lmy11,lmy12,lmy13,lmy14,lmy15,lmy16,lmy17,lmy18,lmy19,lmy20,lmz0,lmz1,lmz2,lmz3,lmz4,lmz5,lmz6,lmz7,lmz8,lmz9,lmz10,lmz11,lmz12,lmz13,lmz14,lmz15,lmz16,lmz17,lmz18,lmz19,lmz20
0.32808545231819153,0.38513651490211487,0.4044145345687866,0.4176071286201477,0.4332091808319092,0.3370863199234009,0.3543075919151306,0.3965184688568115,0.43235623836517334,0.3216242790222168,0.3465639352798462,0.3965722620487213,0.43783003091812134,0.312470942735672,0.34241005778312683,0.39151090383529663,0.4312923550605774,0.3114616572856903,0.3381771147251129,0.3729231059551239,0.4033275246620178,0.9653943181037903,0.9013944268226624,0.8056886196136475,0.7457587718963623,0.6959179043769836,0.7455672025680542,0.670599102973938,0.6396605968475342,0.6328985095024109,0.7497711181640625,0.6620575785636902,0.6317064166069031,0.6287092566490173,0.7607712149620056,0.670893669128418,0.6405724883079529,0.6351422071456909,0.778046190738678,0.7002959251403809,0.6621769666671753,0.6466537117958069,2.4679087573531433e-07,0.009387340396642685,0.012968194670975208,0.009251226671040058,0.00563424127176404,0.02262391708791256,0.0025175451301038265,-0.016133302822709084,-0.026550956070423126,0.005335093475878239,-0.013378183357417583,-0.02911953069269657,-0.03771839663386345,-0.01498414482921362,-0.03151874244213104,-0.04115527495741844,-0.0449955016374588,-0.03574439883232117,-0.04734646901488304,-0.051687125116586685,-0.053082726895809174
0.3557499647140503,0.4118700325489044,0.42925184965133667,0.442318856716156,0.4642672538757324,0.36792051792144775,0.3772784173488617,0.4000503420829773,0.4233958125114441,0.3486681282520294,0.3559201657772064,0.38314878940582275,0.41211292147636414,0.33369362354278564,0.33982565999031067,0.3683902323246002,0.3994106650352478,0.32335108518600464,0.32588425278663635,0.34330517053604126,0.36610057950019836,0.9181296825408936,0.848218560218811,0.7555156946182251,0.69633948802948,0.6492233872413635,0.6888753175735474,0.6184238195419312,0.5725758075714111,0.5394635200500488,0.6917487382888794,0.6110091805458069,0.5644283294677734,0.531883716583252,0.7061969041824341,0.622467041015625,0.5763156414031982,0.546144962310791,0.7287952899932861,0.6583155989646912,0.6142699718475342,0.58415687084198,4.424489077337057e-07,-0.0007199262036010623,0.0004391226975712925,-0.0036073375958949327,-0.007457797881215811,0.023207714781165123,0.0070948819629848,-0.009781633503735065,-0.020543893799185753,0.011499070562422276,-0.0030858779791742563,-0.01793433167040348,-0.026809746399521828,-0.004303715657442808,-0.019789187237620354,-0.0294040534645319,-0.03360314294695854,-0.021345900371670723,-0.03340531885623932,-0.03744145482778549,-0.03846169263124466
0.3752107620239258,0.4329957664012909,0.45525017380714417,0.4717877507209778,0.48050934076309204,0.3900814652442932,0.39595064520835876,0.41026052832603455,0.4248555898666382,0.37065285444259644,0.3762649893760681,0.39246228337287903,0.40971529483795166,0.3521939516067505,0.35664424300193787,0.3699306547641754,0.3855387270450592,0.33567196130752563,0.3331317901611328,0.34242337942123413,0.3579557538032532,0.8631819486618042,0.8028756976127625,0.7192284464836121,0.6629449725151062,0.6169532537460327,0.6354978680610657,0.5627626180648804,0.5168820023536682,0.4793381094932556,0.6315810084342957,0.5525516271591187,0.5034129023551941,0.4638230502605438,0.63873291015625,0.5587161183357239,0.5091285705566406,0.46925032138824463,0.6554989814758301,0.5842750668525696,0.5365158915519714,0.49797195196151733,4.4259533638069115e-07,-0.0023213583044707775,0.001913420855998993,0.0015155692817643285,0.0016942910151556134,0.03244621306657791,0.024721911177039146,0.011948035098612309,0.0030129204969853163,0.023277895525097847,0.019228894263505936,0.0077949343249201775,-0.0006855222163721919,0.009356001392006874,0.004233978688716888,-0.0030995814595371485,-0.008126835338771343,-0.006661390885710716,-0.011359193362295628,-0.01319214142858982,-0.014060483314096928
0.3925517499446869,0.4479779601097107,0.4665524959564209,0.4809647798538208,0.4981552064418793,0.40131011605262756,0.4057759940624237,0.41496172547340393,0.42477279901504517,0.38117581605911255,0.38245323300361633,0.39328184723854065,0.40559321641921997,0.3623647689819336,0.36089521646499634,0.3697597086429596,0.38117843866348267,0.347675621509552,0.34482550621032715,0.35013824701309204,0.36046144366264343,0.8162084817886353,0.7548750042915344,0.6742989420890808,0.6209959983825684,0.5761602520942688,0.5936247706413269,0.518858790397644,0.4736114740371704,0.4342109262943268,0.5879162549972534,0.5081146359443665,0.45511263608932495,0.41326209902763367,0.5932549238204956,0.5110767483711243,0.4589613080024719,0.415609747171402,0.6081949472427368,0.535793662071228,0.48789307475090027,0.44494807720184326,3.69764450169896e-07,0.011096460744738579,0.02182476408779621,0.025474868714809418,0.029560238122940063,0.04995495453476906,0.05021785944700241,0.04276205226778984,0.036327704787254333,0.034478362649679184,0.03688371926546097,0.02893104963004589,0.022248001769185066,0.014902903698384762,0.014763172715902328,0.009928885847330093,0.005563698709011078,-0.005875550676137209,-0.00814819522202015,-0.008626382797956467,-0.009113218635320663
0.3946186304092407,0.44500431418418884,0.4591456353664398,0.4695451557636261,0.484744131565094,0.40376439690589905,0.40266019105911255,0.4092399775981903,0.4179604947566986,0.3885229825973511,0.37928837537765503,0.3895263373851776,0.4029439687728882,0.37650078535079956,0.3665572702884674,0.3745131492614746,0.38660165667533875,0.37169936299324036,0.36425501108169556,0.36587268114089966,0.37189042568206787,0.781686544418335,0.7253726124763489,0.6490943431854248,0.5983432531356812,0.5566278100013733,0.5677228569984436,0.4873502254486084,0.43699830770492554,0.39679622650146484,0.5675705671310425,0.4811418652534485,0.424834668636322,0.3812955319881439,0.5775876045227051,0.4906195402145386,0.43417224287986755,0.39033347368240356,0.5950846672058105,0.5252997875213623,0.4777213931083679,0.437825083732605,2.6942998943013663e-07,0.009458621963858604,0.015434336848556995,0.015153040178120136,0.014921623282134533,0.031375229358673096,0.026664622128009796,0.01837017387151718,0.011985404416918755,0.015878727659583092,0.013221235014498234,0.005689657758921385,-0.00029480201192200184,-0.0025567219126969576,-0.006320645567029715,-0.01177329570055008,-0.016462674364447594,-0.02180182747542858,-0.025904396548867226,-0.0274618249386549,-0.029013244435191154
0.3798755705356598,0.42651286721229553,0.43433552980422974,0.4413240849971771,0.44857388734817505,0.38531494140625,0.3942430019378662,0.40765380859375,0.4196825623512268,0.38069844245910645,0.3903128504753113,0.4063337445259094,0.42149409651756287,0.3841552436351776,0.39376088976860046,0.4094643294811249,0.4231184720993042,0.39591896533966064,0.4006519913673401,0.4073759615421295,0.41535812616348267,0.7596279978752136,0.7081699371337891,0.631487250328064,0.5815446376800537,0.5353589057922363,0.565523087978363,0.4814688563346863,0.42142343521118164,0.37368565797805786,0.5632494688034058,0.47254329919815063,0.4085840582847595,0.3540608286857605,0.5689210295677185,0.4797779321670532,0.42200958728790283,0.3751303553581238,0.5783189535140991,0.5083661079406738,0.46168622374534607,0.42309799790382385,2.9286127301020315e-07,0.0035038613714277744,0.00593962986022234,0.004136779345571995,0.002632253570482135,0.014307061210274696,0.0020898582879453897,-0.009895271621644497,-0.01844925433397293,0.002081667771562934,-0.008318397216498852,-0.01944129727780819,-0.027587002143263817,-0.012312288396060467,-0.02398354560136795,-0.03140198439359665,-0.03575221821665764,-0.02737293764948845,-0.036978259682655334,-0.04014845937490463,-0.04182923957705498
0.3640853464603424,0.34912019968032837,0.3573397099971771,0.3807521164417267,0.40585288405418396,0.35735824704170227,0.3799377679824829,0.40653035044670105,0.4305162727832794,0.37805694341659546,0.4037032425403595,0.43017077445983887,0.4529106914997101,0.4060717225074768,0.43032416701316833,0.45124250650405884,0.46825170516967773,0.440018892288208,0.4642378091812134,0.48033758997917175,0.4941110610961914,0.7190485000610352,0.6496519446372986,0.569561243057251,0.520423173904419,0.491172730922699,0.5308030247688293,0.4318870007991791,0.3748247027397156,0.3355834186077118,0.5375332236289978,0.4312874674797058,0.36931389570236206,0.3270096182823181,0.5554789304733276,0.449949711561203,0.38924914598464966,0.3469131588935852,0.5827661752700806,0.5025447010993958,0.4517083168029785,0.4118809700012207,5.491152137437894e-07,0.0048348200507462025,-0.00126878940500319,-0.010536111891269684,-0.020148778334259987,-0.012764296494424343,-0.032011475414037704,-0.04450029507279396,-0.05094774439930916,-0.026323121041059494,-0.040614545345306396,-0.04885702207684517,-0.0536087267100811,-0.03972429782152176,-0.050564732402563095,-0.05455128103494644,-0.05649764835834503,-0.052978336811065674,-0.059424988925457,-0.05882558599114418,-0.05732058733701706
0.36021342873573303,0.3318479061126709,0.333223432302475,0.34230008721351624,0.33200863003730774,0.3692508935928345,0.4065206050872803,0.43362098932266235,0.45511865615844727,0.4053494334220886,0.4469321072101593,0.4732075333595276,0.4923434853553772,0.4386124312877655,0.4728545844554901,0.49233198165893555,0.5060046911239624,0.46890658140182495,0.4956187307834625,0.5101272463798523,0.5209346413612366,0.7039608955383301,0.6241350173950195,0.5353891253471375,0.4642965495586395,0.4163261651992798,0.50333172082901,0.4089164733886719,0.3586326539516449,0.3236607313156128,0.5246741771697998,0.42289549112319946,0.36745116114616394,0.3297699987888336,0.554800271987915,0.4540027678012848,0.39773815870285034,0.35795366764068604,0.5913279056549072,0.5122894048690796,0.4632222354412079,0.4225924611091614,4.418768924097094e-07,-0.0013604607665911317,-0.008718886412680149,-0.015422409400343895,-0.02352556772530079,-0.030350634828209877,-0.045922037214040756,-0.05413359776139259,-0.05812859907746315,-0.038323309272527695,-0.04878831282258034,-0.052483219653367996,-0.055248986929655075,-0.04495964199304581,-0.05257547274231911,-0.054245054721832275,-0.05610375851392746,-0.05108744651079178,-0.05798394978046417,-0.05759280547499657,-0.056446317583322525
0.3550158739089966,0.3249549865722656,0.3168448805809021,0.3225543797016144,0.3203638195991516,0.3794674277305603,0.42231908440589905,0.4505467712879181,0.47321853041648865,0.41525495052337646,0.46030694246292114,0.4891585111618042,0.5107791423797607,0.44612112641334534,0.4858958423137665,0.5108919739723206,0.5293329358100891,0.47288620471954346,0.5047350525856018,0.52289879322052,0.5366712212562561,0.6952641010284424,0.6145220398902893,0.5271890163421631,0.45482027530670166,0.39694076776504517,0.49232450127601624,0.39894723892211914,0.3511786460876465,0.3182823061943054,0.5192161798477173,0.4179264008998871,0.3649875521659851,0.33069247007369995,0.5545792579650879,0.4537404775619507,0.39988797903060913,0.36193615198135376,0.5964750647544861,0.5181671380996704,0.4729951024055481,0.4346809685230255,4.2122158561141987e-07,-0.008799035102128983,-0.020496727898716927,-0.030436690896749496,-0.04068102315068245,-0.03612411394715309,-0.05234822258353233,-0.059115417301654816,-0.0616333894431591,-0.04074079915881157,-0.05233580619096756,-0.055033836513757706,-0.056395284831523895,-0.04486467316746712,-0.05477476119995117,-0.05676459148526192,-0.05787133052945137,-0.048880528658628464,-0.05813056230545044,-0.05835702642798424,-0.05684323608875275
0.35816651582717896,0.3266153931617737,0.32319775223731995,0.32841795682907104,0.3204236626625061,0.3778580129146576,0.416996568441391,0.4459710419178009,0.47044041752815247,0.41303834319114685,0.45465517044067383,0.4842165410518646,0.5081977844238281,0.44408589601516724,0.484243243932724,0.5107426047325134,0.531161367893219,0.47132712602615356,0.5047439932823181,0.5240532755851746,0.5389923453330994,0.7013400793075562,0.6194572448730469,0.5292143225669861,0.4568060040473938,0.401811420917511,0.4859766960144043,0.39822864532470703,0.3524012565612793,0.32133930921554565,0.5062679052352905,0.4108046293258667,0.3583512306213379,0.3213174641132355,0.5376644134521484,0.44316816329956055,0.3917309045791626,0.3541777729988098,0.5789840221405029,0.5068179965019226,0.4630816578865051,0.42669931054115295,3.27442450043236e-07,-0.005298296455293894,-0.014553607441484928,-0.023974254727363586,-0.03376062959432602,-0.022808227688074112,-0.039750512689352036,-0.04984884709119797,-0.055241361260414124,-0.030877796933054924,-0.043072283267974854,-0.049673374742269516,-0.05408603698015213,-0.03916465491056442,-0.04943793639540672,-0.053842924535274506,-0.05676749721169472,-0.047651033848524094,-0.05560699477791786,-0.05598551779985428,-0.055049829185009
0.3684125542640686,0.3537234961986542,0.35593733191490173,0.3660787343978882,0.3761666715145111,0.3592175245285034,0.3858870267868042,0.41396865248680115,0.43823471665382385,0.3742445409297943,0.40286755561828613,0.43074700236320496,0.45644524693489075,0.3945339620113373,0.4219616949558258,0.44540855288505554,0.46666452288627625,0.4191265404224396,0.44028720259666443,0.45439040660858154,0.4682610332965851,0.716662585735321,0.6400617957115173,0.5526155233383179,0.49365702271461487,0.4519502520561218,0.5002899765968323,0.405658096075058,0.35352590680122375,0.3176601231098175,0.5000364780426025,0.40379807353019714,0.3503428101539612,0.31093841791152954,0.5118120908737183,0.41913583874702454,0.36830395460128784,0.3281814455986023,0.5366039872169495,0.45634233951568604,0.41239866614341736,0.37645816802978516,2.7317651074554306e-07,0.008771233260631561,0.013053769245743752,0.012354829348623753,0.011940129101276398,0.022654568776488304,0.01498335599899292,0.006681636441498995,0.0019014556892216206,0.010362506844103336,0.004943608772009611,-0.003977207001298666,-0.009451821446418762,-0.0035824861843138933,-0.0057026417925953865,-0.00936256442219019,-0.011959390714764595,-0.0179849024862051,-0.016406480222940445,-0.012941284105181694,-0.01016063243150711
0.3772890865802765,0.4272010326385498,0.44299861788749695,0.4620420038700104,0.48214465379714966,0.3749852180480957,0.3831477165222168,0.39668887853622437,0.4115987718105316,0.3666938245296478,0.3756767511367798,0.3936840295791626,0.41293320059776306,0.3669956922531128,0.3747026026248932,0.3911241590976715,0.40862682461738586,0.37998369336128235,0.38377198576927185,0.3911932706832886,0.4018354117870331,0.7151006460189819,0.6475858688354492,0.5970713496208191,0.5562041997909546,0.5262933373451233,0.509070634841919,0.42095693945884705,0.36335301399230957,0.31976670026779175,0.5085428953170776,0.4085923731327057,0.34792453050613403,0.29861533641815186,0.5140618681907654,0.4149789810180664,0.35547786951065063,0.309439092874527,0.524498701095581,0.4394131004810333,0.38842737674713135,0.34846267104148865,1.4283851612617582e-07,0.033541470766067505,0.04767969250679016,0.0524844191968441,0.057136308401823044,0.05039249360561371,0.05006443336606026,0.04454978555440903,0.03937222436070442,0.02550368197262287,0.019436603412032127,0.011225149966776371,0.0056081498041749,0.000425432255724445,-0.004218921065330505,-0.006344564724713564,-0.008161583915352821,-0.023087378591299057,-0.02746529132127762,-0.026819558814167976,-0.02633955515921116
0.3985825181007385,0.45020613074302673,0.47320643067359924,0.49415406584739685,0.5196560025215149,0.39941465854644775,0.39687955379486084,0.39917492866516113,0.4036802053451538,0.3795659840106964,0.37027937173843384,0.3734608590602875,0.3797227442264557,0.3623499572277069,0.35200759768486023,0.3546322286128998,0.36014097929000854,0.3506733477115631,0.3408504128456116,0.34057289361953735,0.34453433752059937,0.7113522291183472,0.6646708846092224,0.6002768874168396,0.5529731512069702,0.5152181386947632,0.507102370262146,0.4344547390937805,0.3904067873954773,0.3529824912548065,0.5016425251960754,0.41798439621925354,0.36187177896499634,0.3176247477531433,0.5062163472175598,0.4240967631340027,0.37208282947540283,0.3303581178188324,0.5189827680587769,0.45177096128463745,0.4079798460006714,0.3684207797050476,2.426056653348496e-07,0.007423767354339361,0.013313019648194313,0.012857863679528236,0.012867064215242863,0.04418936371803284,0.044361088424921036,0.036993421614170074,0.030300753191113472,0.029567239806056023,0.03154253959655762,0.02348758839070797,0.016046656295657158,0.010997978039085865,0.010488812811672688,0.005558929406106472,0.0007765435730107129,-0.008990597911179066,-0.010077296756207943,-0.009623793885111809,-0.010153076611459255
0.3881937563419342,0.44103965163230896,0.4665064811706543,0.4888466000556946,0.5143635869026184,0.4033708870410919,0.40233808755874634,0.4049798548221588,0.4082043468952179,0.3808004856109619,0.3746911883354187,0.3777138590812683,0.38268527388572693,0.3599601984024048,0.35366320610046387,0.35604143142700195,0.3604910671710968,0.3434010148048401,0.3373624086380005,0.338822603225708,0.3441937565803528,0.7132335901260376,0.6679561734199524,0.5978716015815735,0.5429126024246216,0.49922436475753784,0.517020046710968,0.4481413662433624,0.4075220823287964,0.3717809319496155,0.5081353783607483,0.43059808015823364,0.3809804916381836,0.3402973711490631,0.5100358724594116,0.43532174825668335,0.38903963565826416,0.3503866195678711,0.5202751755714417,0.4575400948524475,0.4161081314086914,0.37902358174324036,2.582743263701559e-07,-0.0006297856452874839,0.002486736746504903,0.0014635286061093211,0.0013714402448385954,0.03292112424969673,0.0317111499607563,0.024342400953173637,0.01795375347137451,0.023876527324318886,0.025427160784602165,0.01817024126648903,0.01152596715837717,0.010887373238801956,0.01077353861182928,0.0071958559565246105,0.0033897540997713804,-0.0039998507127165794,-0.003750559175387025,-0.0021663461811840534,-0.0017299104947596788
0.38191407918930054,0.4308634400367737,0.45292285084724426,0.4731636345386505,0.4948718249797821,0.39098691940307617,0.39486849308013916,0.40079745650291443,0.40719321370124817,0.374164342880249,0.3710511326789856,0.37719643115997314,0.3840530812740326,0.3607952892780304,0.3583897650241852,0.36432355642318726,0.37039488554000854,0.3556748926639557,0.35916832089424133,0.36429363489151,0.3700350821018219,0.7122961282730103,0.6681914925575256,0.5992934107780457,0.5517343878746033,0.5120316743850708,0.5125963091850281,0.4442538022994995,0.39970579743385315,0.36281856894493103,0.5084814429283142,0.42899224162101746,0.37363481521606445,0.3299597203731537,0.513523519039154,0.433298259973526,0.3808630108833313,0.34058070182800293,0.5251162052154541,0.4590083956718445,0.4147021174430847,0.3778425455093384,2.6916612227978476e-07,0.005382563453167677,0.00861886516213417,0.006291392724961042,0.004974436480551958,0.03312719613313675,0.029478605836629868,0.020790740847587585,0.013699266128242016,0.019027531147003174,0.017920253798365593,0.010998661629855633,0.004961366765201092,0.0013310464564710855,-0.001651001046411693,-0.005436637904495001,-0.00877179391682148,-0.017819801345467567,-0.020645746961236,-0.020552845671772957,-0.020773455500602722
0.35091984272003174,0.401244580745697,0.4180801808834076,0.437744677066803,0.45851579308509827,0.35082846879959106,0.3604249954223633,0.37169817090034485,0.3816066086292267,0.34365183115005493,0.35617032647132874,0.3730056583881378,0.38706621527671814,0.3500129282474518,0.35999006032943726,0.3753560781478882,0.38797274231910706,0.36912018060684204,0.37437698245048523,0.3802981376647949,0.3869646489620209,0.7224485874176025,0.674832820892334,0.6065799593925476,0.5647168755531311,0.5306733846664429,0.5244138240814209,0.4449036419391632,0.384280264377594,0.33789515495300293,0.5242329239845276,0.43291860818862915,0.3692781925201416,0.31556928157806396,0.5283598899841309,0.4346476197242737,0.37258660793304443,0.32317423820495605,0.5344706773757935,0.45835453271865845,0.40836256742477417,0.3676506280899048,2.826754439411161e-07,0.01093980111181736,0.014007557183504105,0.011070557869970798,0.007893851958215237,0.02130957506597042,0.011837651021778584,0.0006142446072772145,-0.00812380388379097,0.004762599710375071,-0.004837988410145044,-0.01606086455285549,-0.024177419021725655,-0.013185026124119759,-0.023595433682203293,-0.031432416290044785,-0.03619491308927536,-0.03125885874032974,-0.03976237401366234,-0.04278215765953064,-0.04441814869642258
0.33066606521606445,0.32868310809135437,0.3325916826725006,0.34405237436294556,0.35262230038642883,0.3316308856010437,0.35459381341934204,0.3727357089519501,0.3893992602825165,0.34662917256355286,0.372445285320282,0.3904455602169037,0.40651407837867737,0.3689602315425873,0.3945746421813965,0.4087146818637848,0.41970938444137573,0.39685502648353577,0.4186273515224457,0.4285998046398163,0.4363001585006714,0.7031726241111755,0.645134449005127,0.561689555644989,0.5010751485824585,0.4600675702095032,0.5101242065429688,0.42045658826828003,0.36531803011894226,0.322319895029068,0.5085870623588562,0.41327306628227234,0.35302677750587463,0.3049633502960205,0.5183367729187012,0.4266372621059418,0.3695107400417328,0.3213973045349121,0.5393476486206055,0.4642470180988312,0.41710275411605835,0.37677001953125,4.2748098394440603e-07,-0.0018509866204112768,-0.004268457647413015,-0.007544477004557848,-0.010675364173948765,-0.009547565132379532,-0.02342377044260502,-0.03317493200302124,-0.03951068967580795,-0.017398156225681305,-0.030939973890781403,-0.039972223341464996,-0.04531148076057434,-0.025590162724256516,-0.037652935832738876,-0.04200725257396698,-0.04407605528831482,-0.0340738371014595,-0.04248988628387451,-0.042689647525548935,-0.041644323617219925
0.3088855445384979,0.28276029229164124,0.284829318523407,0.28980496525764465,0.279950886964798,0.32631126046180725,0.3733343482017517,0.4056141674518585,0.4318089783191681,0.36293137073516846,0.41154569387435913,0.44202950596809387,0.4649474322795868,0.3965993821620941,0.43520069122314453,0.4580610990524292,0.4741364121437073,0.42697593569755554,0.45458242297172546,0.4709002673625946,0.4841272830963135,0.6973364949226379,0.6095037460327148,0.5141206383705139,0.43930360674858093,0.39089107513427734,0.492336630821228,0.4020232558250427,0.34801995754241943,0.30709946155548096,0.5195896029472351,0.4170808792114258,0.353241503238678,0.30601468682289124,0.5551362633705139,0.4519457221031189,0.38904857635498047,0.3419787287712097,0.595867395401001,0.5123398303985596,0.4579329788684845,0.4119962155818939,5.462286480906187e-07,-0.004360263701528311,-0.014378202147781849,-0.02343185991048813,-0.034351278096437454,-0.03648708760738373,-0.055838003754615784,-0.06675708293914795,-0.07263974100351334,-0.04550788924098015,-0.05995689332485199,-0.06685932725667953,-0.0718364268541336,-0.05317539721727371,-0.06482449173927307,-0.0686989575624466,-0.0715257003903389,-0.06038099527359009,-0.06989216804504395,-0.0704193115234375,-0.06981514394283295
0.29640865325927734,0.26354357600212097,0.2591232657432556,0.2634025812149048,0.2636253833770752,0.32608580589294434,0.37238210439682007,0.4039667844772339,0.4294196367263794,0.361758828163147,0.40884220600128174,0.44151535630226135,0.467653751373291,0.39231717586517334,0.4316911995410919,0.45945847034454346,0.48157694935798645,0.4181830883026123,0.44700729846954346,0.46553540229797363,0.48166704177856445,0.6965117454528809,0.6083531379699707,0.5125612020492554,0.43775394558906555,0.3795885443687439,0.47828519344329834,0.39267289638519287,0.34461045265197754,0.3099386692047119,0.5068172812461853,0.4090319573879242,0.351580947637558,0.30855268239974976,0.5432529449462891,0.44431743025779724,0.3865913450717926,0.3435328006744385,0.5861929655075073,0.5064796209335327,0.4566973149776459,0.41496741771698,4.438161624875647e-07,-0.010040425695478916,-0.02128969505429268,-0.03179255127906799,-0.04252879321575165,-0.026011357083916664,-0.04477377608418465,-0.056405745446681976,-0.06259327381849289,-0.032374508678913116,-0.046086180955171585,-0.053675711154937744,-0.058453869074583054,-0.039406269788742065,-0.05143805593252182,-0.05629360303282738,-0.05889422073960304,-0.04691648855805397,-0.057340655475854874,-0.058570828288793564,-0.05764026194810867
0.2966570258140564,0.2712799906730652,0.27341195940971375,0.27836519479751587,0.2715296149253845,0.3077045679092407,0.3463696539402008,0.3764429986476898,0.4010010361671448,0.3365028500556946,0.3760068416595459,0.4055858850479126,0.43109768629074097,0.3646583557128906,0.40052399039268494,0.4250358045101166,0.4451258182525635,0.3908887207508087,0.41647106409072876,0.43150073289871216,0.4437921643257141,0.7057459950447083,0.6233114004135132,0.5287708640098572,0.45522210001945496,0.40065962076187134,0.4850098192691803,0.3941836953163147,0.3418446183204651,0.3027791380882263,0.5010605454444885,0.40449362993240356,0.34680333733558655,0.3000596761703491,0.5276665687561035,0.43603068590164185,0.38261520862579346,0.3402160108089447,0.5619727373123169,0.48644816875457764,0.44090068340301514,0.4028305113315582,2.790490896131814e-07,-0.001865886733867228,-0.0074549042619764805,-0.014683878980576992,-0.021912990137934685,-0.009503824636340141,-0.02617042511701584,-0.03787648305296898,-0.04448152333498001,-0.01862366870045662,-0.030378444120287895,-0.03812722489237785,-0.043313492089509964,-0.028576813638210297,-0.03715686500072479,-0.039474036544561386,-0.04083790257573128,-0.03919144719839096,-0.04497908428311348,-0.04344300925731659,-0.04127170145511627
0.31888434290885925,0.3496226966381073,0.35768765211105347,0.3536655902862549,0.349930077791214,0.3215295374393463,0.3337043821811676,0.35316261649131775,0.3709128499031067,0.31736496090888977,0.33316469192504883,0.3562055230140686,0.3779503405094147,0.32067400217056274,0.33926233649253845,0.36141520738601685,0.380317360162735,0.3319496214389801,0.34721454977989197,0.36196237802505493,0.3759942650794983,0.7202404141426086,0.6744785308837891,0.5916613936424255,0.5313966870307922,0.48758113384246826,0.5065091848373413,0.416770339012146,0.35735929012298584,0.30972418189048767,0.5008240342140198,0.40383201837539673,0.3421197533607483,0.2892071008682251,0.5066505074501038,0.4097921848297119,0.352512925863266,0.30549490451812744,0.5211568474769592,0.4424225687980652,0.39301055669784546,0.3522189259529114,3.714344813943171e-07,-0.008967960253357887,-0.013817514292895794,-0.020885195583105087,-0.027683913707733154,-0.0022339760325849056,-0.019294362515211105,-0.03495188057422638,-0.04612019285559654,-0.009742637164890766,-0.025400077924132347,-0.03934282436966896,-0.049060944467782974,-0.019916782155632973,-0.0332939513027668,-0.041921522468328476,-0.04731304198503494,-0.031822655349969864,-0.04127124696969986,-0.04499850422143936,-0.047417763620615005
0.3273330330848694,0.3815456032752991,0.3916507065296173,0.4067043960094452,0.4278148114681244,0.32890748977661133,0.33930596709251404,0.34987872838974,0.3597240447998047,0.31630104780197144,0.3199535012245178,0.3270244598388672,0.333768367767334,0.3086131513118744,0.31103312969207764,0.31825101375579834,0.3240143656730652,0.3123781085014343,0.31095024943351746,0.3148600459098816,0.3190092146396637,0.7243226766586304,0.6457086801528931,0.5886046886444092,0.5468116998672485,0.5135962963104248,0.5060548782348633,0.4272817373275757,0.4172465205192566,0.4275423288345337,0.4998277723789215,0.400054931640625,0.33492231369018555,0.28349268436431885,0.5103881359100342,0.4033701717853546,0.3407134711742401,0.2879449129104614,0.5292405486106873,0.4440052807331085,0.39260536432266235,0.34403806924819946,-1.2416374772783456e-07,0.04524550214409828,0.06565280258655548,0.07383637875318527,0.08191037178039551,0.06262312084436417,0.061969853937625885,0.05855719372630119,0.05594455078244209,0.03049304708838463,0.024763794615864754,0.015351030975580215,0.007678678259253502,-0.002036921214312315,-0.008673404343426228,-0.013632290065288544,-0.018851125612854958,-0.031520992517471313,-0.04379517212510109,-0.049053583294153214,-0.05337174981832504
0.3438856601715088,0.3973870873451233,0.41515612602233887,0.4333096146583557,0.4593246579170227,0.34914153814315796,0.3403943181037903,0.33611851930618286,0.33247241377830505,0.331829696893692,0.3207668662071228,0.31938979029655457,0.3187381625175476,0.3157305121421814,0.30842551589012146,0.3102889358997345,0.31146419048309326,0.3048713207244873,0.30149275064468384,0.30213692784309387,0.30437907576560974,0.7269352674484253,0.6731359362602234,0.5943382978439331,0.5437759757041931,0.5024031400680542,0.4969683587551117,0.42067891359329224,0.370742529630661,0.330058217048645,0.49509865045547485,0.40775251388549805,0.3488192856311798,0.30142122507095337,0.5022602677345276,0.4129425287246704,0.3543631434440613,0.3071099817752838,0.5182108879089355,0.44376039505004883,0.39435887336730957,0.34869563579559326,1.5224823357584683e-07,0.011207221075892448,0.017685122787952423,0.016443287953734398,0.015020638704299927,0.044873934239149094,0.04343489557504654,0.03566678240895271,0.028143996372818947,0.025287387892603874,0.02440119907259941,0.016130758449435234,0.008789478801190853,0.0015676193870604038,-0.0018200689228251576,-0.007280977908521891,-0.01271018385887146,-0.02330177091062069,-0.027487559244036674,-0.028546031564474106,-0.030495919287204742
0.3407464325428009,0.3955574929714203,0.41594281792640686,0.43180808424949646,0.4502009153366089,0.35318541526794434,0.35280680656433105,0.3534909188747406,0.3536575436592102,0.3368586599826813,0.33166933059692383,0.3370898962020874,0.3416707515716553,0.32293447852134705,0.3195364475250244,0.32568132877349854,0.3307783007621765,0.31166231632232666,0.3054240942001343,0.3073800504207611,0.31217700242996216,0.7264360785484314,0.672831654548645,0.603415310382843,0.5544724464416504,0.5173097848892212,0.514743983745575,0.437641978263855,0.39226633310317993,0.3552038073539734,0.5108745694160461,0.4281545877456665,0.3779717683792114,0.33772900700569153,0.5136176347732544,0.4352509379386902,0.38667184114456177,0.34845781326293945,0.5246142148971558,0.4626856744289398,0.41774338483810425,0.3809381127357483,1.8240886845433124e-07,0.019223300740122795,0.029019448906183243,0.030556268990039825,0.032354239374399185,0.05300292372703552,0.060444507747888565,0.058962490409612656,0.05601537227630615,0.0352296382188797,0.04481108486652374,0.04268733039498329,0.03906916454434395,0.014957592822611332,0.02405787631869316,0.025400463491678238,0.023151647299528122,-0.006017804145812988,0.001559422817081213,0.006476507056504488,0.008322536945343018
0.328926682472229,0.38044601678848267,0.39574098587036133,0.4047079384326935,0.41295382380485535,0.3665574789047241,0.366585910320282,0.370218425989151,0.3755597174167633,0.35546165704727173,0.35409635305404663,0.36043739318847656,0.3681890368461609,0.3438951075077057,0.34941259026527405,0.3580710291862488,0.3665117919445038,0.3373323082923889,0.34614041447639465,0.3541095554828644,0.3629935681819916,0.7229797840118408,0.6762682199478149,0.6218945980072021,0.5866714715957642,0.5566096305847168,0.5262870192527771,0.44827961921691895,0.3977475166320801,0.355777382850647,0.5201683640480042,0.4303995668888092,0.3730980157852173,0.3246159255504608,0.5216746926307678,0.4326954483985901,0.37894368171691895,0.3358307480812073,0.5301713347434998,0.45617741346359253,0.40946537256240845,0.37081050872802734,1.2651288727738574e-07,0.02495419979095459,0.03452267870306969,0.03557979688048363,0.03572274371981621,0.03915508836507797,0.03808988258242607,0.032429859042167664,0.026890423148870468,0.017298268154263496,0.012966039590537548,0.005322788842022419,-0.0008215921116061509,-0.005182341672480106,-0.00896521471440792,-0.013051338493824005,-0.01687731221318245,-0.026666266843676567,-0.028626378625631332,-0.028167041018605232,-0.028733596205711365
0.30925440788269043,0.2912474274635315,0.3011004626750946,0.3228799104690552,0.343570351600647,0.31495150923728943,0.3364073634147644,0.3568437397480011,0.3754885196685791,0.33946919441223145,0.35921430587768555,0.37790796160697937,0.39365097880363464,0.3677184581756592,0.38586071133613586,0.39983826875686646,0.4108731150627136,0.4001047611236572,0.41774246096611023,0.4283372461795807,0.4373859763145447,0.7047406435012817,0.6287641525268555,0.5579723715782166,0.5100383162498474,0.4812195599079132,0.5127652883529663,0.4127886891365051,0.35526520013809204,0.313279390335083,0.5170981884002686,0.41115760803222656,0.34764689207077026,0.30135005712509155,0.5317753553390503,0.43008896708488464,0.3704833388328552,0.326751172542572,0.5569007992744446,0.4757281541824341,0.42792797088623047,0.38901573419570923,3.631559764016856e-07,0.00985968392342329,0.007462611421942711,0.0008210224332287908,-0.0066446117125451565,-0.0031441738829016685,-0.01841702125966549,-0.02799815684556961,-0.03243904560804367,-0.017688753083348274,-0.02994147688150406,-0.037270739674568176,-0.04081082344055176,-0.03167786821722984,-0.0407925508916378,-0.04282462224364281,-0.042803410440683365,-0.04521394520998001,-0.04981778562068939,-0.04666806012392044,-0.04270237311720848
0.2987537086009979,0.27308958768844604,0.2709049582481384,0.2727903127670288,0.25943154096603394,0.3006470501422882,0.33578675985336304,0.35933512449264526,0.3783552944660187,0.33306050300598145,0.36821770668029785,0.3924247920513153,0.41164109110832214,0.36540448665618896,0.397835910320282,0.41876065731048584,0.4351719319820404,0.3972548842430115,0.42239999771118164,0.4355778396129608,0.446127325296402,0.6952922940254211,0.6145702004432678,0.5329124331474304,0.47042521834373474,0.4320087432861328,0.5007635951042175,0.39951640367507935,0.34528523683547974,0.308204710483551,0.5153350830078125,0.40206778049468994,0.33712100982666016,0.29096102714538574,0.5390238761901855,0.42658188939094543,0.36585456132888794,0.3204526901245117,0.5704426765441895,0.48740217089653015,0.43694618344306946,0.39433932304382324,3.815138711615873e-07,0.008260203525424004,0.003462929977104068,-0.003663839539512992,-0.012433926574885845,-0.020543081685900688,-0.03642747923731804,-0.042915649712085724,-0.04505595192313194,-0.034061990678310394,-0.046996407210826874,-0.05126112326979637,-0.05326079949736595,-0.045986440032720566,-0.05615234375,-0.05923322215676308,-0.06098589673638344,-0.056612029671669006,-0.06518001854419708,-0.06591374427080154,-0.06512214243412018
0.29694899916648865,0.26352187991142273,0.2601011395454407,0.2699882388114929,0.27831336855888367,0.2791175842285156,0.30608275532722473,0.32729044556617737,0.34536001086235046,0.3103225529193878,0.34334176778793335,0.3684246242046356,0.39014098048210144,0.34268319606781006,0.3757145404815674,0.3990490138530731,0.41815754771232605,0.37375175952911377,0.39799124002456665,0.4126104712486267,0.42517757415771484,0.6948500871658325,0.6185782551765442,0.5390123128890991,0.4784145653247833,0.4333776831626892,0.49489617347717285,0.39727067947387695,0.34699875116348267,0.31278473138809204,0.5032033324241638,0.3958100378513336,0.3390820622444153,0.29993608593940735,0.521385908126831,0.41638457775115967,0.3596004843711853,0.31865397095680237,0.5482125282287598,0.4693092405796051,0.42109987139701843,0.3805782198905945,2.778250518531422e-07,0.006942572072148323,0.004404253326356411,9.793249091671896e-07,-0.004426014609634876,-0.014348392374813557,-0.02859063632786274,-0.03419637680053711,-0.03561794385313988,-0.025569764897227287,-0.03697652742266655,-0.03898288309574127,-0.03891543671488762,-0.03616677597165108,-0.04529811441898346,-0.04643075913190842,-0.04647240415215492,-0.04591779410839081,-0.053188227117061615,-0.05299261584877968,-0.05147293955087662
0.27988532185554504,0.25617867708206177,0.2611805200576782,0.2815457284450531,0.30780720710754395,0.2519657611846924,0.27436596155166626,0.30009913444519043,0.3239523470401764,0.2765806317329407,0.3056703507900238,0.3339002728462219,0.3596557676792145,0.30907949805259705,0.3393041491508484,0.3649855852127075,0.38827627897262573,0.3469456434249878,0.3683556914329529,0.38605567812919617,0.40239086747169495,0.7158255577087402,0.6369506120681763,0.555830180644989,0.502339780330658,0.47215506434440613,0.5081619024276733,0.4111296832561493,0.3621370494365692,0.333752304315567,0.513567328453064,0.4064384698867798,0.3551914095878601,0.3229176998138428,0.5272549390792847,0.4238837957382202,0.37480515241622925,0.34406012296676636,0.5500062704086304,0.46313777565956116,0.4206202030181885,0.39139699935913086,3.184796355526487e-07,0.016679508611559868,0.016287749633193016,0.010406995192170143,0.004981417208909988,0.004503368400037289,-0.007978493347764015,-0.013960561715066433,-0.015200478956103325,-0.012537808157503605,-0.021802959963679314,-0.02337203547358513,-0.022434337064623833,-0.029056206345558167,-0.03335220366716385,-0.028760313987731934,-0.024398570880293846,-0.04498344287276268,-0.04107218608260155,-0.03140838444232941,-0.023620201274752617
0.2782403230667114,0.2758427858352661,0.2789771556854248,0.2953457832336426,0.31215161085128784,0.23170608282089233,0.25993332266807556,0.2989112138748169,0.32913580536842346,0.2445511817932129,0.27488458156585693,0.3119983971118927,0.3413510024547577,0.2695867717266083,0.3046216070652008,0.3382934033870697,0.36477410793304443,0.3082873225212097,0.3368086814880371,0.360564649105072,0.37879669666290283,0.7528468370437622,0.6841691732406616,0.6008679866790771,0.5452911853790283,0.50190669298172,0.5446663498878479,0.4432806372642517,0.40433424711227417,0.3986119031906128,0.542888343334198,0.43583524227142334,0.40154391527175903,0.39703169465065,0.5470651984214783,0.4467546343803406,0.4178418219089508,0.4125766158103943,0.5589677691459656,0.47763732075691223,0.4511502981185913,0.4432108998298645,2.725530237057683e-07,0.022737950086593628,0.02653289958834648,0.02214038372039795,0.01969871297478676,0.028437383472919464,0.021165436133742332,0.013819010928273201,0.011037836782634258,0.00974961370229721,0.009767110459506512,0.006600773893296719,0.0037971860729157925,-0.00907567236572504,-0.0022275366354733706,0.0028409764636307955,0.00381987146101892,-0.027812644839286804,-0.014690200798213482,-0.0026624691672623158,0.004462823737412691
0.2652851939201355,0.30892977118492126,0.3165425956249237,0.32448554039001465,0.333524227142334,0.23192870616912842,0.27928271889686584,0.3321704864501953,0.3607184886932373,0.23178720474243164,0.2823638319969177,0.3323037624359131,0.35658276081085205,0.24742984771728516,0.30010342597961426,0.3462503254413605,0.3660812973976135,0.2758404314517975,0.318279504776001,0.3518236577510834,0.3684195876121521,0.788644015789032,0.728428840637207,0.6529518961906433,0.5923476219177246,0.5454955101013184,0.5852417349815369,0.47779953479766846,0.4729583263397217,0.5068695545196533,0.5848010778427124,0.4701080024242401,0.46917086839675903,0.4997486472129822,0.589815080165863,0.47821059823036194,0.48424702882766724,0.5188727378845215,0.5975947976112366,0.5059664249420166,0.5127926468849182,0.5465229749679565,-1.9376756199562806e-08,0.015224803239107132,0.01405320968478918,0.004472107160836458,-0.0032538461964577436,0.012437563389539719,-0.010219677351415157,-0.027705388143658638,-0.03435185179114342,-0.004976755008101463,-0.016002945601940155,-0.0226079560816288,-0.02670327015221119,-0.02360621467232704,-0.031174609437584877,-0.027832655236124992,-0.0249604694545269,-0.04196237772703171,-0.04251674562692642,-0.033366572111845016,-0.026195455342531204
0.2663893699645996,0.29880255460739136,0.31352758407592773,0.32498952746391296,0.33328303694725037,0.2421545833349228,0.30088871717453003,0.35167166590690613,0.36626601219177246,0.23773816227912903,0.3117840588092804,0.3572637736797333,0.36635908484458923,0.24507296085357666,0.3175990879535675,0.3583860993385315,0.3683529496192932,0.26139456033706665,0.31691378355026245,0.3508935272693634,0.3624727427959442,0.8236448168754578,0.7544158697128296,0.6757046580314636,0.6137734651565552,0.5623288750648499,0.6012447476387024,0.5079227089881897,0.548672080039978,0.6074213981628418,0.6152091026306152,0.5200049877166748,0.5645803213119507,0.6203994750976562,0.6372578740119934,0.550428032875061,0.5939869284629822,0.6489993333816528,0.6661145687103271,0.5935081839561462,0.619735598564148,0.6620420217514038,-2.2453335191130463e-07,0.0022300456184893847,-0.014826858416199684,-0.03729397803544998,-0.056425001472234726,-0.027656644582748413,-0.06700734049081802,-0.08781149238348007,-0.094761423766613,-0.045388489961624146,-0.07624898105859756,-0.08138938993215561,-0.08147983253002167,-0.06456631422042847,-0.09006388485431671,-0.0789235383272171,-0.06720882654190063,-0.0839703381061554,-0.09949131309986115,-0.08813327550888062,-0.07631033658981323
0.0,0.0,0.0,0.0,0.0,0.0,0.0,0.0,0.0,0.0,0.0,0.0,0.0,0.0,0.0,0.0,0.0,0.0,0.0,0.0,0.0,0.0,0.0,0.0,0.0,0.0,0.0,0.0,0.0,0.0,0.0,0.0,0.0,0.0,0.0,0.0,0.0,0.0,0.0,0.0,0.0,0.0,0.0,0.0,0.0,0.0,0.0,0.0,0.0,0.0,0.0,0.0,0.0,0.0,0.0,0.0,0.0,0.0,0.0,0.0,0.0,0.0,0.0
0.0,0.0,0.0,0.0,0.0,0.0,0.0,0.0,0.0,0.0,0.0,0.0,0.0,0.0,0.0,0.0,0.0,0.0,0.0,0.0,0.0,0.0,0.0,0.0,0.0,0.0,0.0,0.0,0.0,0.0,0.0,0.0,0.0,0.0,0.0,0.0,0.0,0.0,0.0,0.0,0.0,0.0,0.0,0.0,0.0,0.0,0.0,0.0,0.0,0.0,0.0,0.0,0.0,0.0,0.0,0.0,0.0,0.0,0.0,0.0,0.0,0.0,0.0
0.0,0.0,0.0,0.0,0.0,0.0,0.0,0.0,0.0,0.0,0.0,0.0,0.0,0.0,0.0,0.0,0.0,0.0,0.0,0.0,0.0,0.0,0.0,0.0,0.0,0.0,0.0,0.0,0.0,0.0,0.0,0.0,0.0,0.0,0.0,0.0,0.0,0.0,0.0,0.0,0.0,0.0,0.0,0.0,0.0,0.0,0.0,0.0,0.0,0.0,0.0,0.0,0.0,0.0,0.0,0.0,0.0,0.0,0.0,0.0,0.0,0.0,0.0
0.0,0.0,0.0,0.0,0.0,0.0,0.0,0.0,0.0,0.0,0.0,0.0,0.0,0.0,0.0,0.0,0.0,0.0,0.0,0.0,0.0,0.0,0.0,0.0,0.0,0.0,0.0,0.0,0.0,0.0,0.0,0.0,0.0,0.0,0.0,0.0,0.0,0.0,0.0,0.0,0.0,0.0,0.0,0.0,0.0,0.0,0.0,0.0,0.0,0.0,0.0,0.0,0.0,0.0,0.0,0.0,0.0,0.0,0.0,0.0,0.0,0.0,0.0
0.0,0.0,0.0,0.0,0.0,0.0,0.0,0.0,0.0,0.0,0.0,0.0,0.0,0.0,0.0,0.0,0.0,0.0,0.0,0.0,0.0,0.0,0.0,0.0,0.0,0.0,0.0,0.0,0.0,0.0,0.0,0.0,0.0,0.0,0.0,0.0,0.0,0.0,0.0,0.0,0.0,0.0,0.0,0.0,0.0,0.0,0.0,0.0,0.0,0.0,0.0,0.0,0.0,0.0,0.0,0.0,0.0,0.0,0.0,0.0,0.0,0.0,0.0
0.0,0.0,0.0,0.0,0.0,0.0,0.0,0.0,0.0,0.0,0.0,0.0,0.0,0.0,0.0,0.0,0.0,0.0,0.0,0.0,0.0,0.0,0.0,0.0,0.0,0.0,0.0,0.0,0.0,0.0,0.0,0.0,0.0,0.0,0.0,0.0,0.0,0.0,0.0,0.0,0.0,0.0,0.0,0.0,0.0,0.0,0.0,0.0,0.0,0.0,0.0,0.0,0.0,0.0,0.0,0.0,0.0,0.0,0.0,0.0,0.0,0.0,0.0
0.0,0.0,0.0,0.0,0.0,0.0,0.0,0.0,0.0,0.0,0.0,0.0,0.0,0.0,0.0,0.0,0.0,0.0,0.0,0.0,0.0,0.0,0.0,0.0,0.0,0.0,0.0,0.0,0.0,0.0,0.0,0.0,0.0,0.0,0.0,0.0,0.0,0.0,0.0,0.0,0.0,0.0,0.0,0.0,0.0,0.0,0.0,0.0,0.0,0.0,0.0,0.0,0.0,0.0,0.0,0.0,0.0,0.0,0.0,0.0,0.0,0.0,0.0
0.0,0.0,0.0,0.0,0.0,0.0,0.0,0.0,0.0,0.0,0.0,0.0,0.0,0.0,0.0,0.0,0.0,0.0,0.0,0.0,0.0,0.0,0.0,0.0,0.0,0.0,0.0,0.0,0.0,0.0,0.0,0.0,0.0,0.0,0.0,0.0,0.0,0.0,0.0,0.0,0.0,0.0,0.0,0.0,0.0,0.0,0.0,0.0,0.0,0.0,0.0,0.0,0.0,0.0,0.0,0.0,0.0,0.0,0.0,0.0,0.0,0.0,0.0
0.0,0.0,0.0,0.0,0.0,0.0,0.0,0.0,0.0,0.0,0.0,0.0,0.0,0.0,0.0,0.0,0.0,0.0,0.0,0.0,0.0,0.0,0.0,0.0,0.0,0.0,0.0,0.0,0.0,0.0,0.0,0.0,0.0,0.0,0.0,0.0,0.0,0.0,0.0,0.0,0.0,0.0,0.0,0.0,0.0,0.0,0.0,0.0,0.0,0.0,0.0,0.0,0.0,0.0,0.0,0.0,0.0,0.0,0.0,0.0,0.0,0.0,0.0
0.0,0.0,0.0,0.0,0.0,0.0,0.0,0.0,0.0,0.0,0.0,0.0,0.0,0.0,0.0,0.0,0.0,0.0,0.0,0.0,0.0,0.0,0.0,0.0,0.0,0.0,0.0,0.0,0.0,0.0,0.0,0.0,0.0,0.0,0.0,0.0,0.0,0.0,0.0,0.0,0.0,0.0,0.0,0.0,0.0,0.0,0.0,0.0,0.0,0.0,0.0,0.0,0.0,0.0,0.0,0.0,0.0,0.0,0.0,0.0,0.0,0.0,0.0
0.0,0.0,0.0,0.0,0.0,0.0,0.0,0.0,0.0,0.0,0.0,0.0,0.0,0.0,0.0,0.0,0.0,0.0,0.0,0.0,0.0,0.0,0.0,0.0,0.0,0.0,0.0,0.0,0.0,0.0,0.0,0.0,0.0,0.0,0.0,0.0,0.0,0.0,0.0,0.0,0.0,0.0,0.0,0.0,0.0,0.0,0.0,0.0,0.0,0.0,0.0,0.0,0.0,0.0,0.0,0.0,0.0,0.0,0.0,0.0,0.0,0.0,0.0
0.0,0.0,0.0,0.0,0.0,0.0,0.0,0.0,0.0,0.0,0.0,0.0,0.0,0.0,0.0,0.0,0.0,0.0,0.0,0.0,0.0,0.0,0.0,0.0,0.0,0.0,0.0,0.0,0.0,0.0,0.0,0.0,0.0,0.0,0.0,0.0,0.0,0.0,0.0,0.0,0.0,0.0,0.0,0.0,0.0,0.0,0.0,0.0,0.0,0.0,0.0,0.0,0.0,0.0,0.0,0.0,0.0,0.0,0.0,0.0,0.0,0.0,0.0
0.0,0.0,0.0,0.0,0.0,0.0,0.0,0.0,0.0,0.0,0.0,0.0,0.0,0.0,0.0,0.0,0.0,0.0,0.0,0.0,0.0,0.0,0.0,0.0,0.0,0.0,0.0,0.0,0.0,0.0,0.0,0.0,0.0,0.0,0.0,0.0,0.0,0.0,0.0,0.0,0.0,0.0,0.0,0.0,0.0,0.0,0.0,0.0,0.0,0.0,0.0,0.0,0.0,0.0,0.0,0.0,0.0,0.0,0.0,0.0,0.0,0.0,0.0
0.0,0.0,0.0,0.0,0.0,0.0,0.0,0.0,0.0,0.0,0.0,0.0,0.0,0.0,0.0,0.0,0.0,0.0,0.0,0.0,0.0,0.0,0.0,0.0,0.0,0.0,0.0,0.0,0.0,0.0,0.0,0.0,0.0,0.0,0.0,0.0,0.0,0.0,0.0,0.0,0.0,0.0,0.0,0.0,0.0,0.0,0.0,0.0,0.0,0.0,0.0,0.0,0.0,0.0,0.0,0.0,0.0,0.0,0.0,0.0,0.0,0.0,0.0
0.0,0.0,0.0,0.0,0.0,0.0,0.0,0.0,0.0,0.0,0.0,0.0,0.0,0.0,0.0,0.0,0.0,0.0,0.0,0.0,0.0,0.0,0.0,0.0,0.0,0.0,0.0,0.0,0.0,0.0,0.0,0.0,0.0,0.0,0.0,0.0,0.0,0.0,0.0,0.0,0.0,0.0,0.0,0.0,0.0,0.0,0.0,0.0,0.0,0.0,0.0,0.0,0.0,0.0,0.0,0.0,0.0,0.0,0.0,0.0,0.0,0.0,0.0
0.0,0.0,0.0,0.0,0.0,0.0,0.0,0.0,0.0,0.0,0.0,0.0,0.0,0.0,0.0,0.0,0.0,0.0,0.0,0.0,0.0,0.0,0.0,0.0,0.0,0.0,0.0,0.0,0.0,0.0,0.0,0.0,0.0,0.0,0.0,0.0,0.0,0.0,0.0,0.0,0.0,0.0,0.0,0.0,0.0,0.0,0.0,0.0,0.0,0.0,0.0,0.0,0.0,0.0,0.0,0.0,0.0,0.0,0.0,0.0,0.0,0.0,0.0
0.0,0.0,0.0,0.0,0.0,0.0,0.0,0.0,0.0,0.0,0.0,0.0,0.0,0.0,0.0,0.0,0.0,0.0,0.0,0.0,0.0,0.0,0.0,0.0,0.0,0.0,0.0,0.0,0.0,0.0,0.0,0.0,0.0,0.0,0.0,0.0,0.0,0.0,0.0,0.0,0.0,0.0,0.0,0.0,0.0,0.0,0.0,0.0,0.0,0.0,0.0,0.0,0.0,0.0,0.0,0.0,0.0,0.0,0.0,0.0,0.0,0.0,0.0
0.0,0.0,0.0,0.0,0.0,0.0,0.0,0.0,0.0,0.0,0.0,0.0,0.0,0.0,0.0,0.0,0.0,0.0,0.0,0.0,0.0,0.0,0.0,0.0,0.0,0.0,0.0,0.0,0.0,0.0,0.0,0.0,0.0,0.0,0.0,0.0,0.0,0.0,0.0,0.0,0.0,0.0,0.0,0.0,0.0,0.0,0.0,0.0,0.0,0.0,0.0,0.0,0.0,0.0,0.0,0.0,0.0,0.0,0.0,0.0,0.0,0.0,0.0
0.0,0.0,0.0,0.0,0.0,0.0,0.0,0.0,0.0,0.0,0.0,0.0,0.0,0.0,0.0,0.0,0.0,0.0,0.0,0.0,0.0,0.0,0.0,0.0,0.0,0.0,0.0,0.0,0.0,0.0,0.0,0.0,0.0,0.0,0.0,0.0,0.0,0.0,0.0,0.0,0.0,0.0,0.0,0.0,0.0,0.0,0.0,0.0,0.0,0.0,0.0,0.0,0.0,0.0,0.0,0.0,0.0,0.0,0.0,0.0,0.0,0.0,0.0
0.0,0.0,0.0,0.0,0.0,0.0,0.0,0.0,0.0,0.0,0.0,0.0,0.0,0.0,0.0,0.0,0.0,0.0,0.0,0.0,0.0,0.0,0.0,0.0,0.0,0.0,0.0,0.0,0.0,0.0,0.0,0.0,0.0,0.0,0.0,0.0,0.0,0.0,0.0,0.0,0.0,0.0,0.0,0.0,0.0,0.0,0.0,0.0,0.0,0.0,0.0,0.0,0.0,0.0,0.0,0.0,0.0,0.0,0.0,0.0,0.0,0.0,0.0
